class,order,family,genus,species,subspecies,common_name,female_maturity_d,adult_body_mass_g,maximum_longevity_y,C,C_E,E_alpha,I,taxaname,I_m,log_bodymass,log_C_E,log_I_m,log_E_alpha,Species,Age_at_maturity_avg_y
Aves,Passeriformes,Corvidae,Aphelocoma,californica,NA,California Scrub Jay,545.202,82.75,16.3,2.909583081570997,43.08014802347391,9.91246913987843,60.192,Aphelocoma_californica,0.7273957703927493,4.415824014257172,3.763062288296071,-0.31828456113855236,2.2937934737029986,NA,NA
Aves,Passeriformes,Corvidae,Aphelocoma,woodhouseii,NA,Woodhouse's Scrub Jay,545.202,82.75,16.3,2.909583081570997,43.08014802347391,9.91246913987843,60.192,Aphelocoma_woodhouseii,0.7273957703927493,4.415824014257172,3.763062288296071,-0.31828456113855236,2.2937934737029986,NA,NA
Aves,Passeriformes,Hirundinidae,Riparia,diluta,NA,Pale Martin,365,13.4,10,7.287873134328358,65.59085820895521,9,14.5,Riparia_diluta,1.0820895522388059,2.5952547069568657,4.1834363296682096,0.07889394246966294,2.1972245773362196,NA,NA
Aves,Passeriformes,Hirundinidae,Riparia,riparia,NA,Sand Martin,365,13.4,10,7.287873134328358,65.59085820895521,9,14.5,Riparia_riparia,1.0820895522388059,2.5952547069568657,4.1834363296682096,0.07889394246966294,2.1972245773362196,NA,NA
Aves,Passeriformes,Muscicapidae,Ficedula,hypoleuca,NA,European Pied Flycatcher,365,12.775,15,6.227788649706457,87.1890410958904,14,13.6,Ficedula_hypoleuca,1.0645792563600782,2.547490136089768,4.468078647511262,0.06257965665223814,2.6390573296152584,NA,NA
Aves,Passeriformes,Muscicapidae,Ficedula,speculigera,NA,Atlas Pied Flycatcher,365,12.775,15,6.227788649706457,87.1890410958904,14,13.6,Ficedula_speculigera,1.0645792563600782,2.547490136089768,4.468078647511262,0.06257965665223814,2.6390573296152584,NA,NA
Aves,Passeriformes,Paridae,Parus,cinereus,NA,Cinereous Tit,365,18,15.417,12.183333333333332,175.64711666666665,14.417,17,Parus_cinereus,0.9444444444444444,2.8903717578961645,5.1684769633574446,-0.05715841383994864,2.668408065829767,NA,NA
Aves,Passeriformes,Paridae,Parus,major,NA,Great Tit,365,18,15.417,12.183333333333332,175.64711666666665,14.417,17,Parus_major,0.9444444444444444,2.8903717578961645,5.1684769633574446,-0.05715841383994864,2.668408065829767,NA,NA
Aves,Passeriformes,Paridae,Parus,minor,NA,Japanese Tit,365,18,15.417,12.183333333333332,175.64711666666665,14.417,17,Parus_minor,0.9444444444444444,2.8903717578961645,5.1684769633574446,-0.05715841383994864,2.668408065829767,NA,NA
Aves,Procellariiformes,Diomedeidae,Thalassarche,impavida,NA,Campbell Albatross,3871.65,3440,43.7,0.9181395348837209,30.383752660082834,3.119819715108546,3760,Thalassarche_impavida,1.0930232558139534,8.143226750367445,3.413908013570855,0.08894748601649612,1.1377752165327975,NA,NA
Aves,Procellariiformes,Diomedeidae,Thalassarche,melanophris,NA,Black-browed Albatross,3871.65,3440,43.7,0.9181395348837209,30.383752660082834,3.119819715108546,3760,Thalassarche_melanophris,1.0930232558139534,8.143226750367445,3.413908013570855,0.08894748601649612,1.1377752165327975,NA,NA
Aves,Procellariiformes,Procellariidae,Calonectris,borealis,NA,Cory's Shearwater,3049.8375,775.225,24.83333333,1.1721413367731948,19.314092678861847,1.9720162682274052,956,Calonectris_borealis,1.2331903640878454,6.6531533097985465,2.9608350200659794,0.20960460325285446,0.6790565057546335,NA,NA
Aves,Procellariiformes,Procellariidae,Calonectris,diomedea,NA,Scopoli's Shearwater,3049.8375,775.225,24.83333333,1.1721413367731948,19.314092678861847,1.9720162682274052,956,Calonectris_diomedea,1.2331903640878454,6.6531533097985465,2.9608350200659794,0.20960460325285446,0.6790565057546335,NA,NA
Aves,Procellariiformes,Procellariidae,Calonectris,edwardsii,NA,Cape Verde Shearwater,3049.8375,775.225,24.83333333,1.1721413367731948,19.314092678861847,1.9720162682274052,956,Calonectris_edwardsii,1.2331903640878454,6.6531533097985465,2.9608350200659794,0.20960460325285446,0.6790565057546335,NA,NA
Mammalia,Artiodactyla,Bovidae,Bison,bison,NA,American Bison,912,624577.07,33.5,0.2529711825635866,7.8424531953377095,12.40734649122807,158000,Bison_bison,0.2529711825635866,13.344830011661875,2.0595516929855386,-1.374479699652771,2.5182887561464695,NA,NA
Mammalia,Artiodactyla,Bovidae,Bison,bonasus,NA,European Bison,912,624577.07,33.5,0.2529711825635866,7.8424531953377095,12.40734649122807,158000,Bison_bonasus,0.2529711825635866,13.344830011661875,2.0595516929855386,-1.374479699652771,2.5182887561464695,NA,NA
Mammalia,Artiodactyla,Bovidae,Saiga,borealis,NA,Mongolian Saiga,305.5697,37992.005,12,0.6311689788417326,7.045627429624149,13.333881926120291,14500,Saiga_borealis,0.3816592464651445,10.545131021835603,1.9524072016581355,-0.9632270934269372,2.5903083090584382,NA,NA
Mammalia,Artiodactyla,Bovidae,Saiga,tatarica,NA,Steppe Saiga,305.5697,37992.005,12,0.6311689788417326,7.045627429624149,13.333881926120291,14500,Saiga_tatarica,0.3816592464651445,10.545131021835603,1.9524072016581355,-0.9632270934269372,2.5903083090584382,NA,NA
Mammalia,Carnivora,Felidae,Prionailurus,bengalensis,NA,Leopard Cat,563.67472,4150,17.3,0.6125301204819277,9.650832059257304,10.202382821070989,620,Prionailurus_bengalensis,0.1493975903614458,8.330863613224745,2.2670441353910737,-1.9011441351856067,2.3226213029166,NA,NA
Mammalia,Carnivora,Felidae,Prionailurus,iriomotensis,NA,Iriomote Cat,563.67472,4150,17.3,0.6125301204819277,9.650832059257304,10.202382821070989,620,Prionailurus_iriomotensis,0.1493975903614458,8.330863613224745,2.2670441353910737,-1.9011441351856067,2.3226213029166,NA,NA
Mammalia,Carnivora,Mustelidae,Mustela,nivalis,NA,Least Weasel,120,49.75,10,6.832553517587939,66.07921621119294,29.416666666666668,44.565,Mustela_nivalis,0.8957788944723618,3.907010463604602,4.190854267931617,-0.11006166602192112,3.3815614071452966,NA,NA
Mammalia,Carnivora,Mustelidae,Mustela,subpalmata,NA,Egyptian Weasel,120,49.75,10,6.832553517587939,66.07921621119294,29.416666666666668,44.565,Mustela_subpalmata,0.8957788944723618,3.907010463604602,4.190854267931617,-0.11006166602192112,3.3815614071452966,NA,NA
Mammalia,Carnivora,Otariidae,Zalophus,californianus,NA,California Sealion,1643.625,158597.43,35.7,0.15432154228476466,4.814356470695424,6.927903262605523,25000,Zalophus_californianus,0.15763181030108747,11.974124383764078,1.5716023853720913,-1.8474932799137402,1.9355572079128667,NA,NA
Mammalia,Carnivora,Otariidae,Zalophus,japonicus,NA,Japanese Sealion,1643.625,158597.43,35.7,0.15432154228476466,4.814356470695424,6.927903262605523,25000,Zalophus_japonicus,0.15763181030108747,11.974124383764078,1.5716023853720913,-1.8474932799137402,1.9355572079128667,NA,NA
Mammalia,Chiroptera,Emballonuridae,Taphozous,achates,NA,Indonesian Tomb Bat,152.2,25.99,20,0.7695267410542517,15.069652711527617,46.96320630749015,20,Taphozous_achates,0.7695267410542517,3.2577118486533987,2.712682967351471,-0.26197957509940784,3.849364450605785,NA,NA
Mammalia,Chiroptera,Emballonuridae,Taphozous,melanopogon,NA,Black-bearded Tomb Bat,152.2,25.99,20,0.7695267410542517,15.069652711527617,46.96320630749015,20,Taphozous_melanopogon,0.7695267410542517,3.2577118486533987,2.712682967351471,-0.26197957509940784,3.849364450605785,NA,NA
Mammalia,Chiroptera,Noctilionidae,Noctilio,albiventris,NA,Lesser Bulldog Bat,365.25,44,13.80833333,0.4772727272727273,6.112741281099003,12.79888204093087,21,Noctilio_albiventris,0.4772727272727273,3.784189633918261,1.8103753274123666,-0.7396671961948381,2.5493578265588877,NA,NA
Mammalia,Chiroptera,Noctilionidae,Noctilio,leporinus,NA,Greater Bulldog Bat,365.25,44,13.80833333,0.4772727272727273,6.112741281099003,12.79888204093087,21,Noctilio_leporinus,0.4772727272727273,3.784189633918261,1.8103753274123666,-0.7396671961948381,2.5493578265588877,NA,NA
Mammalia,Chiroptera,Phyllostomidae,Artibeus,fraterculus,NA,Fraternal Fruit-eating Bat,288.37,45.65,19.21666667,1.48039430449069,27.278651271520292,23.323207457606546,33.79,Artibeus_fraterculus,0.740197152245345,3.8210036070409776,3.306104391559517,-0.30083870631477894,3.1494488930881324,NA,NA
Mammalia,Chiroptera,Phyllostomidae,Artibeus,jamaicensis,NA,Jamaican Fruit-eating Bat,288.37,46.1,19.21666667,1.465943600867679,27.012373764531482,23.323207457606546,33.79,Artibeus_jamaicensis,0.7329718004338395,3.8308129500026027,3.2962950485978917,-0.31064804927640427,3.1494488930881324,NA,NA
Mammalia,Chiroptera,Phyllostomidae,Artibeus,lituratus,NA,Great Fruit-eating Bat,288.37,46.1,19.21666667,1.465943600867679,27.012373764531482,23.323207457606546,33.79,Artibeus_lituratus,0.7329718004338395,3.8308129500026027,3.2962950485978917,-0.31064804927640427,3.1494488930881324,NA,NA
Mammalia,Chiroptera,Phyllostomidae,Artibeus,obscurus,NA,Dark Fruit-eating Bat,288.37,45.65,19.21666667,1.48039430449069,27.278651271520292,23.323207457606546,33.79,Artibeus_obscurus,0.740197152245345,3.8210036070409776,3.306104391559517,-0.30083870631477894,3.1494488930881324,NA,NA
Mammalia,Chiroptera,Pteropodidae,Cynopterus,brachyotis,NA,Lesser Short-nosed Fruit Bat,251.71,37.4,10.1,1.470588235294118,13.838799355358583,13.645822573596599,25,Cynopterus_brachyotis,0.6684491978609626,3.6216707044204863,2.627476194645921,-0.4027948795522855,2.613433436227259,NA,NA
Mammalia,Chiroptera,Pteropodidae,Cynopterus,sphinx,NA,Greater Short-nosed Fruit Bat,251.71,37.4,10.1,1.470588235294118,13.838799355358583,13.645822573596599,25,Cynopterus_sphinx,0.6684491978609626,3.6216707044204863,2.627476194645921,-0.4027948795522855,2.613433436227259,NA,NA
Mammalia,Chiroptera,Vespertilionidae,Lasiurus,minor,NA,Minor Red Bat,365.25,12.33,2.575,1.4777615571776157,2.3264622871046234,1.573237508555784,5.84,Lasiurus_minor,0.47364152473641524,2.512035317176253,0.8443487820291745,-0.7473045203361173,0.45313560349558335,NA,NA
Mammalia,Chiroptera,Vespertilionidae,Lasiurus,pfeifferi,NA,Pfeiffer's Red Bat,365.25,12.33,2.575,1.4777615571776157,2.3264622871046234,1.573237508555784,5.84,Lasiurus_pfeifferi,0.47364152473641524,2.512035317176253,0.8443487820291745,-0.7473045203361173,0.45313560349558335,NA,NA
Mammalia,Chiroptera,Vespertilionidae,Miniopterus,natalensis,NA,Natal Long-fingered Bat,666.44,11.185,22,1.1119803308001788,22.433243519635518,11.049096692875576,12.5,Miniopterus_natalensis,1.117568171658471,2.414573594942093,3.1105439443921887,0.11115504936616245,2.402348677371194,NA,NA
Mammalia,Chiroptera,Vespertilionidae,Miniopterus,schreibersii,NA,Schreibers's Long-fingered Bat,666.44,11.185,22,1.1119803308001788,22.433243519635518,11.049096692875576,12.5,Miniopterus_schreibersii,1.117568171658471,2.414573594942093,3.1105439443921887,0.11115504936616245,2.402348677371194,NA,NA
Mammalia,Chiroptera,Vespertilionidae,Myotis,blythii,NA,Lesser Mouse-eared Myotis,420.91,24.705,33,0.9350333940497876,29.777841987507387,27.616568862702238,23.1,Myotis_blythii,0.9350333940497876,3.2070056522977133,3.3937645594692025,-0.06717303476996539,3.3184159137148685,NA,NA
Mammalia,Chiroptera,Vespertilionidae,Myotis,fimbriatus,NA,Fringed Long-footed Myotis,410.255,23.41,33,0.9867577958137549,31.453905016589328,28.35978842427271,23.1,Myotis_fimbriatus,0.9867577958137549,3.1531632815028194,3.4485231413078012,-0.013330663975071455,3.3449722412790006,NA,NA
Mammalia,Chiroptera,Vespertilionidae,Myotis,longipes,NA,Kashmir Cave Myotis,410.255,23.41,33,0.9867577958137549,31.453905016589328,28.35978842427271,23.1,Myotis_longipes,0.9867577958137549,3.1531632815028194,3.4485231413078012,-0.013330663975071455,3.3449722412790006,NA,NA
Mammalia,Chiroptera,Vespertilionidae,Myotis,macrodactylus,NA,Big-footed Myotis,410.255,23.41,33,0.9867577958137549,31.453905016589328,28.35978842427271,23.1,Myotis_macrodactylus,0.9867577958137549,3.1531632815028194,3.4485231413078012,-0.013330663975071455,3.3449722412790006,NA,NA
Mammalia,Chiroptera,Vespertilionidae,Myotis,punicus,NA,Maghrebian Myotis,420.91,24.705,33,0.9350333940497876,29.777841987507387,27.616568862702238,23.1,Myotis_punicus,0.9350333940497876,3.2070056522977133,3.3937645594692025,-0.06717303476996539,3.3184159137148685,NA,NA
Mammalia,Chiroptera,Vespertilionidae,Nyctalus,furvus,NA,Japanese Noctule,414.825,19.375,22.7,1.2152077419354839,26.20412381988511,18.973482793949255,20.21,Nyctalus_furvus,1.0430967741935484,2.9639835752394106,3.2659167960868705,0.042193956176118964,2.943042361926728,NA,NA
Mammalia,Chiroptera,Vespertilionidae,Nyctalus,noctula,NA,Noctule,414.825,19.375,22.7,1.2152077419354839,26.20412381988511,18.973482793949255,20.21,Nyctalus_noctula,1.0430967741935484,2.9639835752394106,3.2659167960868705,0.042193956176118964,2.943042361926728,NA,NA
Mammalia,Chiroptera,Vespertilionidae,Nyctalus,plancyi,NA,Chinese Noctule,414.825,19.375,22.7,1.2152077419354839,26.20412381988511,18.973482793949255,20.21,Nyctalus_plancyi,1.0430967741935484,2.9639835752394106,3.2659167960868705,0.042193956176118964,2.943042361926728,NA,NA
Mammalia,Chiroptera,Vespertilionidae,Nycticeius,cubanus,NA,Cuban Evening Bat,365,6.65,24,0.7858421052631579,18.074368421052633,23,3.555,Nycticeius_cubanus,0.5345864661654135,1.8946168546677629,2.8944948253072362,-0.6262617914125587,3.1354942159291497,NA,NA
Mammalia,Chiroptera,Vespertilionidae,Nycticeius,humeralis,NA,Evening Bat,365,6.65,24,0.7858421052631579,18.074368421052633,23,3.555,Nycticeius_humeralis,0.5345864661654135,1.8946168546677629,2.8944948253072362,-0.6262617914125587,3.1354942159291497,NA,NA
Mammalia,Chiroptera,Vespertilionidae,Plecotus,auritus,NA,Brown Long-eared Bat,351.665,9.195,30,0.7903752039151712,22.94975667612684,30.137588329802508,5.7,Plecotus_auritus,0.6199021207177814,2.2186598580562844,3.1333073341029345,-0.47819368321578,3.405773174396483,NA,NA
Mammalia,Chiroptera,Vespertilionidae,Plecotus,austriacus,NA,Gray Long-eared Bat,351.665,8.19,30,0.8873626373626374,25.76593560891164,30.137588329802508,5.7,Plecotus_austriacus,0.695970695970696,2.102913897864978,3.249053294294241,-0.3624477230244735,3.405773174396483,NA,NA
Mammalia,Chiroptera,Vespertilionidae,Plecotus,kolombatovici,NA,Kolombatovic's Long-eared Bat,351.665,8.19,30,0.8873626373626374,25.76593560891164,30.137588329802508,5.7,Plecotus_kolombatovici,0.695970695970696,2.102913897864978,3.249053294294241,-0.3624477230244735,3.405773174396483,NA,NA
Mammalia,Chiroptera,Vespertilionidae,Plecotus,teneriffae,NA,Canary Long-eared Bat,351.665,9.195,30,0.7903752039151712,22.94975667612684,30.137588329802508,5.7,Plecotus_teneriffae,0.6199021207177814,2.2186598580562844,3.1333073341029345,-0.47819368321578,3.405773174396483,NA,NA
Mammalia,Dasyuromorphia,Dasyuridae,Sminthopsis,fuliginosus,NA,Sooty Dunnart,182.075,16.35,2,2.9749235474006115,4.465849273176658,3.009336811753398,3.04,Sminthopsis_fuliginosus,0.18593272171253822,2.7942278973432626,1.4964594029999403,-1.682370381925132,1.1017197261638039,NA,NA
Mammalia,Dasyuromorphia,Dasyuridae,Sminthopsis,murina,NA,Slender-tailed Dunnart,182.075,16.35,2,2.9749235474006115,4.465849273176658,3.009336811753398,3.04,Sminthopsis_murina,0.18593272171253822,2.7942278973432626,1.4964594029999403,-1.682370381925132,1.1017197261638039,NA,NA
Mammalia,Didelphimorphia,Didelphidae,Didelphis,aurita,NA,Big-eared Opossum,178,1149.875,7,1.0347576910533756,6.7386822784489695,13.353932584269662,95.955,Didelphis_aurita,0.08344820089140124,7.0474085197973215,1.9078643981615833,-2.4835291882271107,2.5918109170681087,NA,NA
Mammalia,Didelphimorphia,Didelphidae,Didelphis,marsupialis,NA,Common Opossum,178,1149.875,7,1.0347576910533756,6.7386822784489695,13.353932584269662,95.955,Didelphis_marsupialis,0.08344820089140124,7.0474085197973215,1.9078643981615833,-2.4835291882271107,2.5918109170681087,NA,NA
Mammalia,Diprotodontia,Macropodidae,Petrogale,herberti,NA,Herbert's Rock-wallaby,556.885,6465.8,14.4,0.16823789786260013,2.165943094286609,8.438214353053144,734.995,Petrogale_herberti,0.11367425531256767,8.774282026783187,0.7728558759744938,-2.1744183303145777,2.1327707166804064,NA,NA
Mammalia,Diprotodontia,Macropodidae,Petrogale,lateralis,NA,Black-flanked Rock-wallaby,540,5283.94,14.4,0.20586770478090213,2.659923549991053,8.733333333333333,734.995,Petrogale_lateralis,0.1390998005276366,8.572427310543683,0.9782973817757213,-1.9725636140750722,2.1671471220989416,NA,NA
Mammalia,Diprotodontia,Macropodidae,Petrogale,penicillata,NA,Brush-tailed Rock-wallaby,556.885,6465.8,14.4,0.16823789786260013,2.165943094286609,8.438214353053144,734.995,Petrogale_penicillata,0.11367425531256767,8.774282026783187,0.7728558759744938,-2.1744183303145777,2.1327707166804064,NA,NA
Mammalia,Diprotodontia,Macropodidae,Petrogale,purpureicollis,NA,Purple-necked Rock-wallaby,540,5283.94,14.4,0.20586770478090213,2.659923549991053,8.733333333333333,734.995,Petrogale_purpureicollis,0.1390998005276366,8.572427310543683,0.9782973817757213,-1.9725636140750722,2.1671471220989416,NA,NA
Mammalia,Diprotodontia,Phalangeridae,Spilocuscus,maculatus,NA,Common Spotted Cuscus,221.76,4155.23,17,0.7335574685396477,12.024795583740168,26.980699855699857,1700,Spilocuscus_maculatus,0.40912296070253634,8.3321230607515009,2.4869708165741686,-0.893739530707193,3.2951217902393193,NA,NA
Mammalia,Diprotodontia,Phalangeridae,Spilocuscus,papuensis,NA,Waigeou Cuscus,221.76,4155.23,17,0.7335574685396477,12.024795583740168,26.980699855699857,1700,Spilocuscus_papuensis,0.40912296070253634,8.3321230607515009,2.4869708165741686,-0.893739530707193,3.2951217902393193,NA,NA
Mammalia,Diprotodontia,Phalangeridae,Trichosurus,johnstonii,NA,Coppery Brushtail,367.955,2005,15.9,0.5346967705735661,7.962653035088478,14.77230911388621,707.635,Trichosurus_johnstonii,0.3529351620947631,7.60339933974067,2.07476224019095,-1.0414709157048605,2.692754422433862,NA,NA
Mammalia,Diprotodontia,Phalangeridae,Trichosurus,vulpecula,NA,Common Brushtail,367.955,2005,15.9,0.5346967705735661,7.962653035088478,14.77230911388621,707.635,Trichosurus_vulpecula,0.3529351620947631,7.60339933974067,2.07476224019095,-1.0414709157048605,2.692754422433862,NA,NA
Mammalia,Erinaceomorpha,Erinaceidae,Erinaceus,concolor,NA,Southern White-Breasted Hedgehog,233.026,771,14,2.1122568093385214,28.223072713608016,20.928883472230567,235,Erinaceus_concolor,0.30479896238651105,6.647688373563329,3.3401398247497953,-1.1881028594191705,3.041130189226588,NA,NA
Mammalia,Erinaceomorpha,Erinaceidae,Erinaceus,roumanicus,NA,Northern White-Breasted Hedgehog,233.026,771,14,2.1122568093385214,28.223072713608016,20.928883472230567,235,Erinaceus_roumanicus,0.30479896238651105,6.647688373563329,3.3401398247497953,-1.1881028594191705,3.041130189226588,NA,NA
Mammalia,Lagomorpha,Leporidae,Lepus,corsicanus,NA,Corsican Hare,227.66128,3673.33,12,1.6253179676206604,18.4900567925013,18.239108204961333,652.495,Lepus_corsicanus,0.17763037897493555,8.208853886597367,2.9172331169195354,-1.728050410265128,2.9035680911790624,NA,NA
Mammalia,Lagomorpha,Leporidae,Lepus,europaeus,NA,European Hare,227.66128,3673.33,12,1.6253179676206604,18.4900567925013,18.239108204961333,652.495,Lepus_europaeus,0.17763037897493555,8.208853886597367,2.9172331169195354,-1.728050410265128,2.9035680911790624,NA,NA
Mammalia,Lagomorpha,Leporidae,Lepus,tibetanus,NA,Desert Hare,227.66128,2078.555,8.9,3.8670539927978815,32.00478475006697,13.269005252012992,929.16,Lepus_tibetanus,0.4470220898653151,7.639428219733022,3.465885415061804,-0.805147267546389,2.585430883364982,NA,NA
Mammalia,Lagomorpha,Leporidae,Lepus,tolai,NA,Tolai Hare,227.66128,2078.555,8.9,3.8670539927978815,32.00478475006697,13.269005252012992,929.16,Lepus_tolai,0.4470220898653151,7.639428219733022,3.465885415061804,-0.805147267546389,2.585430883364982,NA,NA
Mammalia,Lagomorpha,Leporidae,Sylvilagus,cognatus,NA,Manzano Mountain Cottontail,123,1207.19,9.8,1.9141560152088735,18.113684593236847,28.081300813008134,118.5,Sylvilagus_cognatus,0.09816184693378838,7.096050623787786,2.896667707481234,-2.3211376632125997,3.3351039033342067,NA,NA
Mammalia,Lagomorpha,Leporidae,Sylvilagus,robustus,NA,Robust Cottontail,123,1207.19,9.8,1.9141560152088735,18.113684593236847,28.081300813008134,118.5,Sylvilagus_robustus,0.09816184693378838,7.096050623787786,2.896667707481234,-2.3211376632125997,3.3351039033342067,NA,NA
Mammalia,Primates,Atelidae,Alouatta,coibensis,NA,Coiba Island Howler,1287.4428,5659.14,25,0.1166254943330612,2.504271185790803,6.087693527044464,1100,Alouatta_coibensis,0.19437582388843533,8.641027216189753,0.9179977484083841,-1.6379617574032919,1.8062692787936496,NA,NA
Mammalia,Primates,Atelidae,Alouatta,palliata,NA,Mantled Howler,1287.4428,5659.14,25,0.1166254943330612,2.504271185790803,6.087693527044464,1100,Alouatta_palliata,0.19437582388843533,8.641027216189753,0.9179977484083841,-1.6379617574032919,1.8062692787936496,NA,NA
Mammalia,Primates,Cebidae,Callithrix,geoffroyi,NA,White-headed Marmoset,477,299.605,22.79166667,1.4474524790974783,31.098252143352138,16.440164223375266,96.8,Callithrix_geoffroyi,0.3230920712271157,5.702464940422364,3.4371516164274554,-1.1298179461398328,2.7997273788345445,NA,NA
Mammalia,Primates,Cebidae,Callithrix,humeralifera,NA,Santarem Marmoset,477,299.605,22.79166667,1.4474524790974783,31.098252143352138,16.440164223375266,96.8,Callithrix_humeralifera,0.3230920712271157,5.702464940422364,3.4371516164274554,-1.1298179461398328,2.7997273788345445,NA,NA
Mammalia,Primates,Cebidae,Callithrix,kuhlii,NA,Wied's Marmoset,477,307,22.79166667,1.2612377850162866,27.097463452213287,16.440164223375266,96.8,Callithrix_kuhlii,0.31530944625407165,5.726847747587197,3.299440123955619,-1.1542007533046659,2.7997273788345445,NA,NA
Mammalia,Primates,Cebidae,Callithrix,penicillata,NA,Black-tufted Marmoset,477,307,22.79166667,1.2612377850162866,27.097463452213287,16.440164223375266,96.8,Callithrix_penicillata,0.31530944625407165,5.726847747587197,3.299440123955619,-1.1542007533046659,2.7997273788345445,NA,NA
Mammalia,Primates,Cebidae,Cebus,apella,NA,Tufted Capuchin,1727.44808,2642.5,46,0.23841059602649006,9.838553372403156,8.719539588130488,1000,Cebus_apella,0.3784295175023652,7.879480717744393,2.2863086852567185,-0.9717254387622556,2.165566437000624,NA,NA
Mammalia,Primates,Cebidae,Cebus,libidinosus,NA,Black-striped Capuchin,1727.44808,2642.5,46,0.23841059602649006,9.838553372403156,8.719539588130488,1000,Cebus_libidinosus,0.3784295175023652,7.879480717744393,2.2863086852567185,-0.9717254387622556,2.165566437000624,NA,NA
Mammalia,Primates,Cebidae,Cebus,xanthosternos,NA,Golden-bellied Capuchin,1727.44808,2642.5,46,0.23841059602649006,9.838553372403156,8.719539588130488,1000,Cebus_xanthosternos,0.3784295175023652,7.879480717744393,2.2863086852567185,-0.9717254387622556,2.165566437000624,NA,NA
Mammalia,Primates,Cebidae,Saguinus,graellsi,NA,Graells's Tamarin,850.45,450,20.2,2.03,36.27609999999999,7.669527896995708,175,Saguinus_graellsi,0.3888888888888889,6.1092475827643655,3.5911591222250325,-0.9444616088408514,2.0372550615937275,NA,NA
Mammalia,Primates,Cebidae,Saguinus,nigricollis,NA,Black-mantled Tamarin,850.45,450,20.2,2.03,36.27609999999999,7.669527896995708,175,Saguinus_nigricollis,0.3888888888888889,6.1092475827643655,3.5911591222250325,-0.9444616088408514,2.0372550615937275,NA,NA
Mammalia,Primates,Cercopithecidae,Cercocebus,agilis,NA,Agile Mangabey,1535.9868,7775,46,0.26514469453376205,11.080878548843765,9.931083522332354,2170,Cercocebus_agilis,0.2790996784565916,8.958668737047434,2.405220969587632,-1.2761862905129298,2.295669588149913,NA,NA
Mammalia,Primates,Cercopithecidae,Cercocebus,chrysogaster,NA,Golden-bellied Mangabey,1535.9868,7775,46,0.26514469453376205,11.080878548843765,9.931083522332354,2170,Cercocebus_chrysogaster,0.2790996784565916,8.958668737047434,2.405220969587632,-1.2761862905129298,2.295669588149913,NA,NA
Mammalia,Primates,Cercopithecidae,Chlorocebus,aethiops,NA,Grivet,1318.86,5104.25,46,0.20301709359847186,8.605221582068664,11.730691657947016,1036.25,Chlorocebus_aethiops,0.20301709359847186,8.537828805016309,2.1523691797176343,-1.5944650985668043,2.4622086257988927,NA,NA
Mammalia,Primates,Cercopithecidae,Chlorocebus,cynosuros,NA,Malbrouck,1318.86,5104.25,46,0.20301709359847186,8.605221582068664,11.730691657947016,1036.25,Chlorocebus_cynosuros,0.20301709359847186,8.537828805016309,2.1523691797176343,-1.5944650985668043,2.4622086257988927,NA,NA
Mammalia,Primates,Cercopithecidae,Chlorocebus,djamdjamensis,NA,Bale Mountains Vervet,1318.86,5104.25,46,0.20301709359847186,8.605221582068664,11.730691657947016,1036.25,Chlorocebus_djamdjamensis,0.20301709359847186,8.537828805016309,2.1523691797176343,-1.5944650985668043,2.4622086257988927,NA,NA
Mammalia,Primates,Cercopithecidae,Chlorocebus,pygerythrus,NA,Vervet Monkey,1318.86,5104.25,46,0.20301709359847186,8.605221582068664,11.730691657947016,1036.25,Chlorocebus_pygerythrus,0.20301709359847186,8.537828805016309,2.1523691797176343,-1.5944650985668043,2.4622086257988927,NA,NA
Mammalia,Primates,Cercopithecidae,Chlorocebus,sabaeus,NA,Green Monkey,1318.86,5104.25,46,0.20301709359847186,8.605221582068664,11.730691657947016,1036.25,Chlorocebus_sabaeus,0.20301709359847186,8.537828805016309,2.1523691797176343,-1.5944650985668043,2.4622086257988927,NA,NA
Mammalia,Primates,Cercopithecidae,Colobus,polykomos,NA,King Colobus,1642,8653.145,33.9,0.08598029964827816,2.527938590891773,6.535627283800244,1240,Colobus_polykomos,0.14330049941379694,9.065678117660376,0.9274041844119444,-1.9428114590612928,1.8772683308093459,NA,NA
Mammalia,Primates,Cercopithecidae,Colobus,satanas,NA,Black Colobus,1642,8653.145,33.9,0.08598029964827816,2.527938590891773,6.535627283800244,1240,Colobus_satanas,0.14330049941379694,9.065678117660376,0.9274041844119444,-1.9428114590612928,1.8772683308093459,NA,NA
Mammalia,Primates,Cercopithecidae,Lophocebus,aterrimus,NA,Black Crested Mangabey,1752.50488,6768.75,36.68333333,0.12823638042474608,4.088425881337472,6.640159418814286,2170,Lophocebus_aterrimus,0.3205909510618652,8.8200717107493,1.408160025884572,-1.1375892642147956,1.8931359720577077,NA,NA
Mammalia,Primates,Cercopithecidae,Lophocebus,opdenboschi,NA,Opdenbosch's Mangabey,1752.50488,6768.75,36.68333333,0.12823638042474608,4.088425881337472,6.640159418814286,2170,Lophocebus_opdenboschi,0.3205909510618652,8.8200717107493,1.408160025884572,-1.1375892642147956,1.8931359720577077,NA,NA
Mammalia,Primates,Cercopithecidae,Macaca,leonina,NA,Northern Pig-tailed Macaque,1226.61352,7603.39,37.6,0.15835370801708182,5.421938327754921,10.188528233408023,1416.5,Macaca_leonina,0.1862984800200963,8.9363494794541,1.6904533765659933,-1.680405160183528,2.321262404360479,NA,NA
Mammalia,Primates,Cercopithecidae,Macaca,nemestrina,NA,Southern Pig-tailed Macaque,1226.61352,7603.39,37.6,0.15835370801708182,5.421938327754921,10.188528233408023,1416.5,Macaca_nemestrina,0.1862984800200963,8.9363494794541,1.6904533765659933,-1.680405160183528,2.321262404360479,NA,NA
Mammalia,Primates,Cercopithecidae,Macaca,pagensis,NA,Pagai Island Macaque,1227.12,7151.5,37.6,0.1683597846605607,5.764306919805118,10.183910294021777,1416.5,Macaca_pagensis,0.19807033489477732,8.875077403894954,1.7516849244304782,-1.6191330846243834,2.320809052695275,NA,NA
Mammalia,Primates,Cercopithecidae,Macaca,siberu,NA,Siberut Macaque,1227.12,7151.5,37.6,0.1683597846605607,5.764306919805118,10.183910294021777,1416.5,Macaca_siberu,0.19807033489477732,8.875077403894954,1.7516849244304782,-1.6191330846243834,2.320809052695275,NA,NA
Mammalia,Primates,Cercopithecidae,Semnopithecus,ajax,NA,Kashmir Gray Langur,1236.91904,12679.29,29.275,0.11825583293701775,3.0611918616946014,7.638702012380697,2100,Semnopithecus_ajax,0.16562441587817614,9.44772523273266,1.11880433741573,-1.7980326090211456,2.033227695077417,NA,NA
Mammalia,Primates,Cercopithecidae,Semnopithecus,dussumieri,NA,Southern Plains Gray Langur,1236.91904,12679.29,29.275,0.11825583293701775,3.0611918616946014,7.638702012380697,2100,Semnopithecus_dussumieri,0.16562441587817614,9.44772523273266,1.11880433741573,-1.7980326090211456,2.033227695077417,NA,NA
Mammalia,Primates,Cercopithecidae,Semnopithecus,entellus,NA,Northern Plains Gray Langur,1236.91904,12679.29,29.275,0.11825583293701775,3.0611918616946014,7.638702012380697,2100,Semnopithecus_entellus,0.16562441587817614,9.44772523273266,1.11880433741573,-1.7980326090211456,2.033227695077417,NA,NA
Mammalia,Primates,Cercopithecidae,Semnopithecus,hector,NA,Tarai Gray Langur,1236.91904,12679.29,29.275,0.11825583293701775,3.0611918616946014,7.638702012380697,2100,Semnopithecus_hector,0.16562441587817614,9.44772523273266,1.11880433741573,-1.7980326090211456,2.033227695077417,NA,NA
Mammalia,Primates,Cercopithecidae,Semnopithecus,priam,NA,Tufted Gray Langur,1236.91904,12679.29,29.275,0.11825583293701775,3.0611918616946014,7.638702012380697,2100,Semnopithecus_priam,0.16562441587817614,9.44772523273266,1.11880433741573,-1.7980326090211456,2.033227695077417,NA,NA
Mammalia,Primates,Cercopithecidae,Semnopithecus,schistaceus,NA,Nepal Gray Langur,1236.91904,12679.29,29.275,0.11825583293701775,3.0611918616946014,7.638702012380697,2100,Semnopithecus_schistaceus,0.16562441587817614,9.44772523273266,1.11880433741573,-1.7980326090211456,2.033227695077417,NA,NA
Mammalia,Primates,Galagidae,Galago,gallarum,NA,Somali Bushbaby,285.185,192.2,18.83333333,1.6909729448491155,30.5254513161173,23.10423642705612,108.335,Galago_gallarum,0.5636576482830385,5.258536496536192,3.418560805018257,-0.5733082183775217,3.1400159958235747,NA,NA
Mammalia,Primates,Galagidae,Galago,matschiei,NA,Dusky Bushbaby,285.185,192.2,18.83333333,1.6909729448491155,30.5254513161173,23.10423642705612,108.335,Galago_matschiei,0.5636576482830385,5.258536496536192,3.418560805018257,-0.5733082183775217,3.1400159958235747,NA,NA
Mammalia,Primates,Galagidae,Galago,moholi,NA,Moholi Bushbaby,323.23032,180,18.83333333,1.7166666666666666,30.810339889559355,20.26708492399475,100,Galago_moholi,0.5555555555555556,5.19295685089021,3.4278503443412793,-0.587786664902119,3.0089981377881667,NA,NA
Mammalia,Primates,Galagidae,Galago,nyasae,NA,Malawi Bushbaby,323.23032,180,18.83333333,1.7166666666666666,30.810339889559355,20.26708492399475,100,Galago_nyasae,0.5555555555555556,5.19295685089021,3.4278503443412793,-0.587786664902119,3.0089981377881667,NA,NA
Mammalia,Primates,Galagidae,Galago,senegalensis,NA,Senegal Bushbaby,285.185,192.2,18.83333333,1.6909729448491155,30.5254513161173,23.10423642705612,108.335,Galago_senegalensis,0.5636576482830385,5.258536496536192,3.418560805018257,-0.5733082183775217,3.1400159958235747,NA,NA
Mammalia,Primates,Hylobatidae,Hylobates,agilis,NA,Agile Gibbon,2849.06286,5829.08,57,0.08719214695972606,4.2893608490698165,6.302401183243813,1070,Hylobates_agilis,0.18356241465205486,8.670614462432413,1.4561377356095626,-1.6952005349764612,1.8409307009794431,NA,NA
Mammalia,Primates,Hylobatidae,Hylobates,albibarbis,NA,Bornean White-bearded Gibbon,2849.06286,5829.08,57,0.08719214695972606,4.2893608490698165,6.302401183243813,1070,Hylobates_albibarbis,0.18356241465205486,8.670614462432413,1.4561377356095626,-1.6952005349764612,1.8409307009794431,NA,NA
Mammalia,Rodentia,Cricetidae,Dicrostonyx,groenlandicus,NA,Nearctic Collared Lemming,40,58.44,3.3,3.3453114305270364,10.67291824890064,29.1125,23,Dicrostonyx_groenlandicus,0.3935660506502396,4.068000586882499,2.3677095282848257,-0.932506370953349,3.3711676352104596,NA,NA
Mammalia,Rodentia,Cricetidae,Dicrostonyx,nelsoni,NA,Nelson's Collared Lemming,40,58.44,3.3,3.3453114305270364,10.67291824890064,29.1125,23,Dicrostonyx_nelsoni,0.3935660506502396,4.068000586882499,2.3677095282848257,-0.932506370953349,3.3711676352104596,NA,NA
Mammalia,Rodentia,Cricetidae,Dicrostonyx,nunatakensis,NA,Ogilvie Mountains Collared Lemming,40,58.44,3.3,3.3453114305270364,10.67291824890064,29.1125,23,Dicrostonyx_nunatakensis,0.3935660506502396,4.068000586882499,2.3677095282848257,-0.932506370953349,3.3711676352104596,NA,NA
Mammalia,Rodentia,Cricetidae,Dicrostonyx,torquatus,NA,Palearctic Collared Lemming,91.308,67.885,3.8,2.5308426014583487,8.984089073887043,14.190344767161694,25.5,Dicrostonyx_torquatus,0.3756352655225749,4.217815097052244,2.195455132111729,-0.9791366448878641,2.6525617873645833,NA,NA
Mammalia,Rodentia,Cricetidae,Dicrostonyx,vinogradovi,NA,Wrangel Island Collared Lemming,91.308,67.885,3.8,2.5308426014583487,8.984089073887043,14.190344767161694,25.5,Dicrostonyx_vinogradovi,0.3756352655225749,4.217815097052244,2.195455132111729,-0.9791366448878641,2.6525617873645833,NA,NA
Mammalia,Rodentia,Cricetidae,Lemmus,amurensis,NA,Amur Brown Lemming,50.56048,60,1.666666667,8.437710937499999,12.894044126679008,11.031795059204343,27,Lemmus_amurensis,0.45,4.0943445622221,2.5567655091471146,-0.7985076962177716,2.4007815633790295,NA,NA
Mammalia,Rodentia,Cricetidae,Lemmus,portenkoi,NA,Wrangel Island Lemming,50.56048,60,1.666666667,8.437710937499999,12.894044126679008,11.031795059204343,27,Lemmus_portenkoi,0.45,4.0943445622221,2.5567655091471146,-0.7985076962177716,2.4007815633790295,NA,NA
Mammalia,Rodentia,Cricetidae,Lemmus,sibiricus,NA,Siberian Brown Lemming,50.56048,60,1.666666667,8.437710937499999,12.894044126679008,11.031795059204343,27,Lemmus_sibiricus,0.45,4.0943445622221,2.5567655091471146,-0.7985076962177716,2.4007815633790295,NA,NA
Mammalia,Rodentia,Cricetidae,Mesocricetus,auratus,NA,Golden Hamster,48,105,10,7.116489285714286,70.22902577299413,75.04166666666667,22.93,Mesocricetus_auratus,0.21838095238095237,4.653960350157523,4.2517616981253195,-1.5215142532877104,4.318043514828011,NA,NA
Mammalia,Rodentia,Cricetidae,Mesocricetus,newtoni,NA,Romanian Hamster,48,105,10,7.116489285714286,70.22902577299413,75.04166666666667,22.93,Mesocricetus_newtoni,0.21838095238095237,4.653960350157523,4.2517616981253195,-1.5215142532877104,4.318043514828011,NA,NA
Mammalia,Rodentia,Cricetidae,Microtus,arvalis,NA,Common Vole,38,25.4,4.8,9.828543307086614,46.15376226944234,45.10526315789474,8.9,Microtus_arvalis,0.3503937007874016,3.2347491740244907,3.831978480257542,-1.0486978972863967,3.8089989394313393,NA,NA
Mammalia,Rodentia,Cricetidae,Microtus,limnophilus,NA,Lacustrine Vole,36.73492,33.1,2.166666667,9.338508761329303,19.2935743587782,20.528108226586582,15.6,Microtus_limnophilus,0.4712990936555891,3.4995332823830174,2.9597721056974207,-0.7522623681275259,3.021795080004092,NA,NA
Mammalia,Rodentia,Cricetidae,Microtus,mongolicus,NA,Mongolian Vole,38,25.4,4.8,9.828543307086614,46.15376226944234,45.10526315789474,8.9,Microtus_mongolicus,0.3503937007874016,3.2347491740244907,3.831978480257542,-1.0486978972863967,3.8089989394313393,NA,NA
Mammalia,Rodentia,Cricetidae,Microtus,oeconomus,NA,Root Vole,36.73492,33.1,2.166666667,9.338508761329303,19.2935743587782,20.528108226586582,15.6,Microtus_oeconomus,0.4712990936555891,3.4995332823830174,2.9597721056974207,-0.7522623681275259,3.021795080004092,NA,NA
Mammalia,Rodentia,Cricetidae,Myodes,regulus,NA,Korean Red-backed Vole,61.78508,27.35,3.325,4.288555758683729,13.533506087665222,18.642687198915983,10,Myodes_regulus,0.3656307129798903,3.3087165288679903,2.6051685429565197,-1.0061314358739446,2.9254539618989273,NA,NA
Mammalia,Rodentia,Cricetidae,Myodes,rex,NA,Hokkaido Red-backed Vole,61.78508,27.35,3.325,4.288555758683729,13.533506087665222,18.642687198915983,10,Myodes_rex,0.3656307129798903,3.3087165288679903,2.6051685429565197,-1.0061314358739446,2.9254539618989273,NA,NA
Mammalia,Rodentia,Cricetidae,Myodes,shanseius,NA,Shanxi Red-backed Vole,61.78508,27.35,3.325,4.288555758683729,13.533506087665222,18.642687198915983,10,Myodes_shanseius,0.3656307129798903,3.3087165288679903,2.6051685429565197,-1.0061314358739446,2.9254539618989273,NA,NA
Mammalia,Rodentia,Cricetidae,Neotoma,albigula,NA,White-throated Woodrat,94.14,190.5,9.5,2.3208608923884517,21.449587123143857,35.83343955810495,103.3,Neotoma_albigula,0.542257217847769,5.249652194566756,3.065705396850493,-0.6120148184411628,3.578881523307445,NA,NA
Mammalia,Rodentia,Cricetidae,Neotoma,anthonyi,NA,Anthony's Woodrat,94.59,119.365,10.5,2.564188832572362,26.25947144975495,39.51696796701554,34.94,Neotoma_anthonyi,0.29271562015666236,4.782186025658515,3.2680267410923065,-1.2285537209526043,3.6767301484540234,NA,NA
Mammalia,Rodentia,Cricetidae,Neotoma,bryanti,NA,Bryant's Woodrat,94.59,119.365,10.5,2.564188832572362,26.25947144975495,39.51696796701554,34.94,Neotoma_bryanti,0.29271562015666236,4.782186025658515,3.2680267410923065,-1.2285537209526043,3.6767301484540234,NA,NA
Mammalia,Rodentia,Cricetidae,Neotoma,bunkeri,NA,Coronados Island Woodrat,94.59,119.365,10.5,2.564188832572362,26.25947144975495,39.51696796701554,34.94,Neotoma_bunkeri,0.29271562015666236,4.782186025658515,3.2680267410923065,-1.2285537209526043,3.6767301484540234,NA,NA
Mammalia,Rodentia,Cricetidae,Neotoma,leucodon,NA,White-toothed Woodrat,94.14,190.5,9.5,2.3208608923884517,21.449587123143857,35.83343955810495,103.3,Neotoma_leucodon,0.542257217847769,5.249652194566756,3.065705396850493,-0.6120148184411628,3.578881523307445,NA,NA
Mammalia,Rodentia,Cricetidae,Neotoma,martinensis,NA,San Martin Woodrat,94.59,119.365,10.5,2.564188832572362,26.25947144975495,39.51696796701554,34.94,Neotoma_martinensis,0.29271562015666236,4.782186025658515,3.2680267410923065,-1.2285537209526043,3.6767301484540234,NA,NA
Mammalia,Rodentia,Cricetidae,Neotoma,nelsoni,NA,Nelson's Woodrat,94.14,198,9.5,2.2329494949494952,20.63710276241871,35.83343955810495,103.3,Neotoma_nelsoni,0.5217171717171717,5.288267030694535,3.027090560722713,-0.6506296545689424,3.578881523307445,NA,NA
Mammalia,Rodentia,Cricetidae,Neotoma,palatina,NA,Bolanos Woodrat,94.14,198,9.5,2.2329494949494952,20.63710276241871,35.83343955810495,103.3,Neotoma_palatina,0.5217171717171717,5.288267030694535,3.027090560722713,-0.6506296545689424,3.578881523307445,NA,NA
Mammalia,Rodentia,Cricetidae,Oryzomys,laticeps,NA,Atlantic Forest Oryzomys,53.85,50.825,3.991666667,16.591352700442695,63.77935681447195,26.055865059517178,34.99,Oryzomys_laticeps,0.6884407279881948,3.9283883595144102,4.155429577091928,-0.3733260531348137,3.2602428890964283,NA,NA
Mammalia,Rodentia,Cricetidae,Oryzomys,megacephalus,NA,Azara's Broad-headed Oryzomys,53.85,50.825,3.991666667,16.591352700442695,63.77935681447195,26.055865059517178,34.99,Oryzomys_megacephalus,0.6884407279881948,3.9283883595144102,4.155429577091928,-0.3733260531348137,3.2602428890964283,NA,NA
Mammalia,Rodentia,Cricetidae,Oryzomys,perenensis,NA,Western Amazonian Oryzomys,53.85,50.825,3.991666667,16.591352700442695,63.77935681447195,26.055865059517178,34.99,Oryzomys_perenensis,0.6884407279881948,3.9283883595144102,4.155429577091928,-0.3733260531348137,3.2602428890964283,NA,NA
Mammalia,Rodentia,Cricetidae,Peromyscus,maniculatus,NA,North American Deermouse,59.95794,20.5,8.333333333,7.152687195121952,58.430766651895354,49.73000617674657,8.95,Peromyscus_maniculatus,0.4365853658536585,3.0204248861443626,4.067842577341048,-0.8287713538575986,3.9066084969322814,NA,NA
Mammalia,Rodentia,Cricetidae,Peromyscus,slevini,NA,Catalina Deermouse,59.95794,20.5,8.333333333,7.152687195121952,58.430766651895354,49.73000617674657,8.95,Peromyscus_slevini,0.4365853658536585,3.0204248861443626,4.067842577341048,-0.8287713538575986,3.9066084969322814,NA,NA
Mammalia,Rodentia,Cricetidae,Sigmodon,alleni,NA,Allen's Cotton Rat,45.095,159.6,5.2,1.3497744360902257,6.852065209599342,41.08892338396718,19.8,Sigmodon_alleni,0.12406015037593986,5.072670685015709,1.924550097287479,-2.086988747315219,3.7157385811397208,NA,NA
Mammalia,Rodentia,Cricetidae,Sigmodon,hirsutus,NA,Southern Cotton Rat,40,159.6,5.2,1.3497744360902257,6.8709065815223,46.45,19.8,Sigmodon_hirsutus,0.12406015037593986,5.072670685015709,1.9272960599038702,-2.086988747315219,3.8383764652598478,NA,NA
Mammalia,Rodentia,Cricetidae,Sigmodon,hispidus,NA,Hispid Cotton Rat,40,159.6,5.2,1.3497744360902257,6.8709065815223,46.45,19.8,Sigmodon_hispidus,0.12406015037593986,5.072670685015709,1.9272960599038702,-2.086988747315219,3.8383764652598478,NA,NA
Mammalia,Rodentia,Cricetidae,Sigmodon,planifrons,NA,Miahuatlan Cotton Rat,45.095,159.6,5.2,1.3497744360902257,6.852065209599342,41.08892338396718,19.8,Sigmodon_planifrons,0.12406015037593986,5.072670685015709,1.924550097287479,-2.086988747315219,3.7157385811397208,NA,NA
Mammalia,Rodentia,Cricetidae,Sigmodon,toltecus,NA,Toltec Cotton Rat,40,159.6,5.2,1.3497744360902257,6.8709065815223,46.45,19.8,Sigmodon_toltecus,0.12406015037593986,5.072670685015709,1.9272960599038702,-2.086988747315219,3.8383764652598478,NA,NA
Mammalia,Rodentia,Cricetidae,Tylomys,nudicaudus,NA,Peter's Climbing Rat,95.8734,280,5.416666667,1.9765714285714284,10.187248782498388,19.621813072812692,40,Tylomys_nudicaudus,0.14285714285714285,5.634789603169249,2.321136818876272,-1.9459101490553135,2.9766418592873367,NA,NA
Mammalia,Rodentia,Cricetidae,Tylomys,tumbalensis,NA,Tumbala Climbing Rat,95.8734,280,5.416666667,1.9765714285714284,10.187248782498388,19.621813072812692,40,Tylomys_tumbalensis,0.14285714285714285,5.634789603169249,2.321136818876272,-1.9459101490553135,2.9766418592873367,NA,NA
Mammalia,Rodentia,Geomyidae,Cratogeomys,castanops,NA,Yellow-faced Pocket Gopher,310.4472,266.415,4.7,1.9613610344762866,7.550180310415898,4.525899412202783,68.8,Cratogeomys_castanops,0.25824371750839853,5.5850552433874,2.02157144515005,-1.3538514984481018,1.5098163225284054,NA,NA
Mammalia,Rodentia,Geomyidae,Cratogeomys,goldmani,NA,Goldman's Pocket Gopher,310.4472,266.415,4.7,1.9613610344762866,7.550180310415898,4.525899412202783,68.8,Cratogeomys_goldmani,0.25824371750839853,5.5850552433874,2.02157144515005,-1.3538514984481018,1.5098163225284054,NA,NA
Mammalia,Rodentia,Geomyidae,Geomys,knoxjonesi,NA,Knox Jones's Pocket Gopher,92.8,176.7,12,0.4316638370118846,5.0702169918831554,46.19827586206897,22.5,Geomys_knoxjonesi,0.1273344651952462,5.174453379325651,1.6233836158752317,-2.0609380701152764,3.832942478388486,NA,NA
Mammalia,Rodentia,Geomyidae,Geomys,texensis,NA,Central Texas Pocket Gopher,92.8,176.7,12,0.4316638370118846,5.0702169918831554,46.19827586206897,22.5,Geomys_texensis,0.1273344651952462,5.174453379325651,1.6233836158752317,-2.0609380701152764,3.832942478388486,NA,NA
Mammalia,Rodentia,Muridae,Acomys,airensis,NA,Western Saharan Spiny mouse,58,45.2,7.483333333,2.4060641592920358,17.623046641720308,46.093390802500004,12.58,Acomys_airensis,0.27831858407079646,3.8110970868381857,2.869207513717799,-1.278988835565891,3.830669573184508,NA,NA
Mammalia,Rodentia,Muridae,Acomys,cahirinus,NA,Northeast African Spiny Mouse,58,45.2,7.483333333,2.4060641592920358,17.623046641720308,46.093390802500004,12.58,Acomys_cahirinus,0.27831858407079646,3.8110970868381857,2.869207513717799,-1.278988835565891,3.830669573184508,NA,NA
Mammalia,Rodentia,Muridae,Acomys,chudeaui,NA,Chudeau's Spiny Mouse,58,45.2,7.483333333,2.4060641592920358,17.623046641720308,46.093390802500004,12.58,Acomys_chudeaui,0.27831858407079646,3.8110970868381857,2.869207513717799,-1.278988835565891,3.830669573184508,NA,NA
Mammalia,Rodentia,Muridae,Acomys,cineraceus,NA,Gray Spiny Mouse,58,43.6,7.483333333,2.4943600917431197,18.269763949673347,46.093390802500004,12.58,Acomys_cineraceus,0.2885321100917431,3.775057150354989,2.9052474502009957,-1.2429488990826942,3.830669573184508,NA,NA
Mammalia,Rodentia,Muridae,Acomys,dimidiatus,NA,Eastern Spiny Mouse,58,45.2,7.483333333,2.4060641592920358,17.623046641720308,46.093390802500004,12.58,Acomys_dimidiatus,0.27831858407079646,3.8110970868381857,2.869207513717799,-1.278988835565891,3.830669573184508,NA,NA
Mammalia,Rodentia,Muridae,Acomys,ignitus,NA,Fiery Spiny Mouse,58,45.2,7.483333333,2.4060641592920358,17.623046641720308,46.093390802500004,12.58,Acomys_ignitus,0.27831858407079646,3.8110970868381857,2.869207513717799,-1.278988835565891,3.830669573184508,NA,NA
Mammalia,Rodentia,Muridae,Acomys,johannis,NA,Johan's Spiny Mouse,58,43.6,7.483333333,2.4943600917431197,18.269763949673347,46.093390802500004,12.58,Acomys_johannis,0.2885321100917431,3.775057150354989,2.9052474502009957,-1.2429488990826942,3.830669573184508,NA,NA
Mammalia,Rodentia,Muridae,Acomys,kempi,NA,Kemp's Spiny Mouse,58,43.6,7.483333333,2.4943600917431197,18.269763949673347,46.093390802500004,12.58,Acomys_kempi,0.2885321100917431,3.775057150354989,2.9052474502009957,-1.2429488990826942,3.830669573184508,NA,NA
Mammalia,Rodentia,Muridae,Acomys,minous,NA,Crete Spiny Mouse,58,45.2,7.483333333,2.4060641592920358,17.623046641720308,46.093390802500004,12.58,Acomys_minous,0.27831858407079646,3.8110970868381857,2.869207513717799,-1.278988835565891,3.830669573184508,NA,NA
Mammalia,Rodentia,Muridae,Acomys,mullah,NA,Mullah Spiny Mouse,58,45.2,7.483333333,2.4060641592920358,17.623046641720308,46.093390802500004,12.58,Acomys_mullah,0.27831858407079646,3.8110970868381857,2.869207513717799,-1.278988835565891,3.830669573184508,NA,NA
Mammalia,Rodentia,Muridae,Acomys,nesiotes,NA,Cyprus Spiny Mouse,58,45.2,7.483333333,2.4060641592920358,17.623046641720308,46.093390802500004,12.58,Acomys_nesiotes,0.27831858407079646,3.8110970868381857,2.869207513717799,-1.278988835565891,3.830669573184508,NA,NA
Mammalia,Rodentia,Muridae,Acomys,seurati,NA,Seurat's Spiny Mouse,58,45.2,7.483333333,2.4060641592920358,17.623046641720308,46.093390802500004,12.58,Acomys_seurati,0.27831858407079646,3.8110970868381857,2.869207513717799,-1.278988835565891,3.830669573184508,NA,NA
Mammalia,Rodentia,Muridae,Apodemus,alpicola,NA,Alpine Field Mouse,51.41406,29.375,4.5,4.561021276595745,19.88212828830778,30.946514241435125,8.7,Apodemus_alpicola,0.2961702127659574,3.380143972464323,2.989821252254187,-1.2168209468037852,3.4322603673092082,NA,NA
Mammalia,Rodentia,Muridae,Apodemus,flavicollis,NA,Yellow-necked Field Mouse,51.41406,29.375,4.5,4.561021276595745,19.88212828830778,30.946514241435125,8.7,Apodemus_flavicollis,0.2961702127659574,3.380143972464323,2.989821252254187,-1.2168209468037852,3.4322603673092082,NA,NA
Mammalia,Rodentia,Muridae,Apodemus,gurkha,NA,Nepalese Field Mouse,51.41406,29.375,4.5,4.561021276595745,19.88212828830778,30.946514241435125,8.7,Apodemus_gurkha,0.2961702127659574,3.380143972464323,2.989821252254187,-1.2168209468037852,3.4322603673092082,NA,NA
Mammalia,Rodentia,Muridae,Apodemus,ponticus,NA,Caucasus Field Mouse,51.41406,29.375,4.5,4.561021276595745,19.88212828830778,30.946514241435125,8.7,Apodemus_ponticus,0.2961702127659574,3.380143972464323,2.989821252254187,-1.2168209468037852,3.4322603673092082,NA,NA
Mammalia,Rodentia,Muridae,Arvicanthis,ansorgei,NA,Sudanian Arvicanthis,51.89,95.8,6.7,3.9639874739039667,25.995178239482943,46.12854114472924,21.7,Arvicanthis_ansorgei,0.2265135699373695,4.562262684976814,3.2579110684954937,-1.484950424430401,3.8314318721992695,NA,NA
Mammalia,Rodentia,Muridae,Arvicanthis,niloticus,NA,African Arvicanthis,51.89,95.8,6.7,3.9639874739039667,25.995178239482943,46.12854114472924,21.7,Arvicanthis_niloticus,0.2265135699373695,4.562262684976814,3.2579110684954937,-1.484950424430401,3.8314318721992695,NA,NA
Mammalia,Rodentia,Muridae,Gerbillus,floweri,NA,Flower's Gerbil,78.15,39.9,8.2,4.548872180451128,36.32679472654238,37.298144593729994,11,Gerbillus_floweri,0.2756892230576441,3.686376323895818,3.5925556157111957,-1.2884810510974474,3.6189435826171135,NA,NA
Mammalia,Rodentia,Muridae,Gerbillus,hesperinus,NA,Moroccan Gerbil,78.15,39.9,8.2,4.548872180451128,36.32679472654238,37.298144593729994,11,Gerbillus_hesperinus,0.2756892230576441,3.686376323895818,3.5925556157111957,-1.2884810510974474,3.6189435826171135,NA,NA
Mammalia,Rodentia,Muridae,Gerbillus,pyramidum,NA,Greater Egyptian Gerbil,78.15,39.9,8.2,4.548872180451128,36.32679472654238,37.298144593729994,11,Gerbillus_pyramidum,0.2756892230576441,3.686376323895818,3.5925556157111957,-1.2884810510974474,3.6189435826171135,NA,NA
Mammalia,Rodentia,Muridae,Meriones,grandis,NA,Moroccan Jird,97.24248,137.8,4.658333333,3.8983127721335267,17.121060597990777,16.485070995155613,25,Meriones_grandis,0.18142235123367198,4.925803358579558,2.8403093196119418,-1.7069275337113574,2.8024551831662627,NA,NA
Mammalia,Rodentia,Muridae,Meriones,shawi,NA,Shaw's Jird,97.24248,137.8,4.658333333,3.8983127721335267,17.121060597990777,16.485070995155613,25,Meriones_shawi,0.18142235123367198,4.925803358579558,2.8403093196119418,-1.7069275337113574,2.8024551831662627,NA,NA
Mammalia,Rodentia,Muridae,Mus,macedonicus,NA,Macedonian Mouse,53.355,20.5,6,12.110834390243904,70.89466779655531,40.0458251335395,8.95,Mus_macedonicus,0.4365853658536585,3.0204248861443626,4.261195223327006,-0.8287713538575986,3.6900244267210476,NA,NA
Mammalia,Rodentia,Muridae,Mus,minutoides,NA,Southern African Pygmy Mouse,60,7.585,4.3,7.340487804878048,30.357442031406613,25.158333333333335,3.33,Mus_minutoides,0.43902439024390244,2.0261726128004955,3.4130416944128146,-0.8232003088081431,3.225189186924793,NA,NA
Mammalia,Rodentia,Muridae,Mus,musculoides,NA,Subsaharan Pygmy Mouse,60,7.585,4.3,7.340487804878048,30.357442031406613,25.158333333333335,3.33,Mus_musculoides,0.43902439024390244,2.0261726128004955,3.4130416944128146,-0.8232003088081431,3.225189186924793,NA,NA
Mammalia,Rodentia,Muridae,Mus,musculus,NA,House Mouse,53.355,20.5,6,12.110834390243904,70.89466779655531,40.0458251335395,8.95,Mus_musculus,0.4365853658536585,3.0204248861443626,4.261195223327006,-0.8287713538575986,3.6900244267210476,NA,NA
Mammalia,Rodentia,Muridae,Mus,neavei,NA,Neave's Mouse,60,7.585,4.3,7.340487804878048,30.357442031406613,25.158333333333335,3.33,Mus_neavei,0.43902439024390244,2.0261726128004955,3.4130416944128146,-0.8232003088081431,3.225189186924793,NA,NA
Mammalia,Rodentia,Muridae,Mus,orangiae,NA,Orange Mouse,60,7.585,4.3,7.340487804878048,30.357442031406613,25.158333333333335,3.33,Mus_orangiae,0.43902439024390244,2.0261726128004955,3.4130416944128146,-0.8232003088081431,3.225189186924793,NA,NA
Mammalia,Rodentia,Muridae,Mus,vulcani,NA,Javan Shrew-like Mouse,90.79444,60.315,3.908333333,4.88693251056951,17.884127526865253,14.711773392126215,22.125,Mus_vulcani,0.36682417309127086,4.099580829017347,2.8839135891260717,-1.0028726381233537,2.688648084255594,NA,NA
Mammalia,Rodentia,Muridae,Otomys,anchietae,NA,Angolan Vlei Rat,97.8836,114.45,1.833333333,1.798165137614679,2.8144145040296595,5.836351202295379,30,Otomys_anchietae,0.2621231979030144,4.740138046398576,1.0347542484947205,-1.3389406647364204,1.7641058074474434,NA,NA
Mammalia,Rodentia,Muridae,Otomys,angoniensis,NA,Angoni Vlei Rat,82.1772,114.45,1.833333333,2.4325032765399737,3.9119282210004487,7.142972339590544,30,Otomys_angoniensis,0.2621231979030144,4.740138046398576,1.3640304035892183,-1.3389406647364204,1.9661289837854614,NA,NA
Mammalia,Rodentia,Muridae,Otomys,barbouri,NA,Barbour's Vlei Rat,97.8836,114.45,1.833333333,1.798165137614679,2.8144145040296595,5.836351202295379,30,Otomys_barbouri,0.2621231979030144,4.740138046398576,1.0347542484947205,-1.3389406647364204,1.7641058074474434,NA,NA
Mammalia,Rodentia,Muridae,Otomys,cuanzensis,NA,Cuanza Vlei Rat,82.1772,130.65,1.833333333,2.6268656716417906,4.224499943239419,7.142972339590544,30,Otomys_cuanzensis,0.22962112514351318,4.872521991966622,1.4409008971747153,-1.4713246103044662,1.9661289837854614,NA,NA
Mammalia,Rodentia,Muridae,Otomys,irroratus,NA,Southern African Vlei Rat,97.8836,114.45,1.833333333,1.798165137614679,2.8144145040296595,5.836351202295379,30,Otomys_irroratus,0.2621231979030144,4.740138046398576,1.0347542484947205,-1.3389406647364204,1.7641058074474434,NA,NA
Mammalia,Rodentia,Muridae,Otomys,lacustris,NA,Tanzanian Vlei Rat,97.8836,114.45,1.833333333,1.798165137614679,2.8144145040296595,5.836351202295379,30,Otomys_lacustris,0.2621231979030144,4.740138046398576,1.0347542484947205,-1.3389406647364204,1.7641058074474434,NA,NA
Mammalia,Rodentia,Muridae,Otomys,maximus,NA,Okavango Vlei Rat,82.1772,130.65,1.833333333,2.6268656716417906,4.224499943239419,7.142972339590544,30,Otomys_maximus,0.22962112514351318,4.872521991966622,1.4409008971747153,-1.4713246103044662,1.9661289837854614,NA,NA
Mammalia,Rodentia,Muridae,Otomys,saundersiae,NA,Saunders' Vlei Rat,82.1772,114.45,1.833333333,2.4325032765399737,3.9119282210004487,7.142972339590544,30,Otomys_saundersiae,0.2621231979030144,4.740138046398576,1.3640304035892183,-1.3389406647364204,1.9661289837854614,NA,NA
Mammalia,Rodentia,Muridae,Praomys,jacksoni,NA,Jackson's Praomys,74.2,37.1,5.2,3.9622641509433962,19.798294132850867,24.579514824797844,10.5,Praomys_jacksoni,0.2830188679245283,3.6136169696133895,2.9855957790824204,-1.262241712449912,3.2019133653262304,NA,NA
Mammalia,Rodentia,Muridae,Praomys,minor,NA,Least Praomys,74.2,37.1,5.2,3.9622641509433962,19.798294132850867,24.579514824797844,10.5,Praomys_minor,0.2830188679245283,3.6136169696133895,2.9855957790824204,-1.262241712449912,3.2019133653262304,NA,NA
Mammalia,Rodentia,Muridae,Praomys,rostratus,NA,West African Praomys,81.87284,36.97,5.2,3.976196916418718,19.78432661209941,22.182290977081045,10.5,Praomys_rostratus,0.28401406545847985,3.6101067729485403,2.9848900389839472,-1.258731515785063,3.0992942668082186,NA,NA
Mammalia,Rodentia,Muridae,Praomys,tullbergi,NA,Tullberg's Praomys,81.87284,36.97,5.2,3.976196916418718,19.78432661209941,22.182290977081045,10.5,Praomys_tullbergi,0.28401406545847985,3.6101067729485403,2.9848900389839472,-1.258731515785063,3.0992942668082186,NA,NA
Mammalia,Rodentia,Muridae,Psammomys,obesus,NA,Fat Sand Rat,100,177.33,3.2,2.715840523318107,7.946623777818461,10.68,40,Psammomys_obesus,0.22556814977725143,5.178012403504388,2.072747156427872,-1.4891329493904517,2.3683728335320486,NA,NA
Mammalia,Rodentia,Muridae,Psammomys,vexillaris,NA,Lesser Sand Rat,100,177.33,3.2,2.715840523318107,7.946623777818461,10.68,40,Psammomys_vexillaris,0.22556814977725143,5.178012403504388,2.072747156427872,-1.4891329493904517,2.3683728335320486,NA,NA
Mammalia,Rodentia,Muridae,Rattus,blangorum,NA,Aceh Rat,102.645,142.68,4.2,7.000661732548359,27.434058938244405,13.934970042379074,39.69,Rattus_blangorum,0.27817493692178297,4.960604360490691,3.311785268418871,-1.2795050936957169,2.634401511120268,NA,NA
Mammalia,Rodentia,Muridae,Rattus,exulans,NA,Pacific Rat,90.79444,60.315,3.908333333,4.88693251056951,17.884127526865253,14.711773392126215,22.125,Rattus_exulans,0.36682417309127086,4.099580829017347,2.8839135891260717,-1.0028726381233537,2.688648084255594,NA,NA
Mammalia,Rodentia,Muridae,Rattus,lugens,NA,Mentawai Archipelago Rat,102.645,200,4.2,5.0537277,19.804451189954793,13.934970042379074,39.69,Rattus_lugens,0.19845,5.298317366548036,2.985906720008528,-1.6172180997530627,2.634401511120268,NA,NA
Mammalia,Rodentia,Muridae,Rattus,rattus,NA,Roof Rat,102.645,200,4.2,5.0537277,19.804451189954793,13.934970042379074,39.69,Rattus_rattus,0.19845,5.298317366548036,2.985906720008528,-1.6172180997530627,2.634401511120268,NA,NA
Mammalia,Rodentia,Muridae,Rattus,satarae,NA,Sahyadris Forest Rat,102.645,200,4.2,5.0537277,19.804451189954793,13.934970042379074,39.69,Rattus_satarae,0.19845,5.298317366548036,2.985906720008528,-1.6172180997530627,2.634401511120268,NA,NA
Mammalia,Rodentia,Muridae,Rattus,simalurensis,NA,Simalur Archipelago Rat,102.645,142.68,4.2,7.000661732548359,27.434058938244405,13.934970042379074,39.69,Rattus_simalurensis,0.27817493692178297,4.960604360490691,3.311785268418871,-1.2795050936957169,2.634401511120268,NA,NA
Mammalia,Rodentia,Muridae,Rattus,tiomanicus,NA,Malaysian Field Rat,102.645,142.68,4.2,7.000661732548359,27.434058938244405,13.934970042379074,39.69,Rattus_tiomanicus,0.27817493692178297,4.960604360490691,3.311785268418871,-1.2795050936957169,2.634401511120268,NA,NA
Mammalia,Rodentia,Muridae,Rhabdomys,dilectus,NA,Mesic Four-striped Grass Rat,54.17608,45.865,4.5,4.411206802572767,19.195685700254913,29.317808154447498,8.43,Rhabdomys_dilectus,0.18380028344053198,3.8257022989616187,2.954685550672486,-1.693905526947855,3.378195118236617,NA,NA
Mammalia,Rodentia,Muridae,Rhabdomys,pumilio,NA,Xeric Four-striped Grass Rat,54.17608,45.865,4.5,4.411206802572767,19.195685700254913,29.317808154447498,8.43,Rhabdomys_pumilio,0.18380028344053198,3.8257022989616187,2.954685550672486,-1.693905526947855,3.378195118236617,NA,NA
Mammalia,Rodentia,Pedetidae,Pedetes,capensis,NA,South African Spring Hare,1034,2774.625,20.04166667,1.6867144208676847,29.026314187287067,6.074669569197293,1300,Pedetes_capensis,0.4685317835743569,7.928270881913825,3.3682028043293895,-0.7581513384641967,1.8041275958456389,NA,NA
Mammalia,Rodentia,Pedetidae,Pedetes,surdaster,NA,East African Spring Hare,1034,2774.625,20.04166667,1.6867144208676847,29.026314187287067,6.074669569197293,1300,Pedetes_surdaster,0.4685317835743569,7.928270881913825,3.3682028043293895,-0.7581513384641967,1.8041275958456389,NA,NA
Mammalia,Scandentia,Tupaiidae,Tupaia,chrysogaster,NA,Golden-bellied Treeshrew,106.385,159,12.41666667,3.49056603773585,42.32381452012148,41.60077393006532,100,Tupaia_chrysogaster,0.6289308176100629,5.0689042022202315,3.745349918651665,-0.4637340162321402,3.7281187711822725,NA,NA
Mammalia,Scandentia,Tupaiidae,Tupaia,glis,NA,Common Treeshrew,106.385,159,12.41666667,3.49056603773585,42.32381452012148,41.60077393006532,100,Tupaia_glis,0.6289308176100629,5.0689042022202315,3.745349918651665,-0.4637340162321402,3.7281187711822725,NA,NA
Mammalia,Soricomorpha,Soricidae,Crocidura,aleksandrisi,NA,Cyrenaica Shrew,175,7.425,4,7.542087542087542,26.552280798856142,7.3428571428571425,4,Crocidura_aleksandrisi,0.5387205387205387,2.004852684688763,3.279115649793215,-0.6185583235688727,1.9937280234058061,NA,NA
Mammalia,Soricomorpha,Soricidae,Crocidura,arabica,NA,Arabian Shrew,75,10.6,4,10.271509433962265,38.97545360558284,18.466666666666665,7.7,Crocidura_arabica,0.7264150943396227,2.3608540011180215,3.662932053248991,-0.3196336722583832,2.9159673050851285,NA,NA
Mammalia,Soricomorpha,Soricidae,Crocidura,dsinezumi,NA,Dsinezumi Shrew,75,10.6,4,10.58931603773585,40.18137729387439,18.466666666666665,7.7,Crocidura_dsinezumi,0.7264150943396227,2.3608540011180215,3.6934036368947383,-0.3196336722583832,2.9159673050851285,NA,NA
Mammalia,Soricomorpha,Soricidae,Crocidura,ichnusae,NA,North African White-toothed Shrew,75,10.6,4,10.271509433962265,38.97545360558284,18.466666666666665,7.7,Crocidura_ichnusae,0.7264150943396227,2.3608540011180215,3.662932053248991,-0.3196336722583832,2.9159673050851285,NA,NA
Mammalia,Soricomorpha,Soricidae,Crocidura,orii,NA,Ryukyu Shrew,75,10.6,4,10.58931603773585,40.18137729387439,18.466666666666665,7.7,Crocidura_orii,0.7264150943396227,2.3608540011180215,3.6934036368947383,-0.3196336722583832,2.9159673050851285,NA,NA
Mammalia,Soricomorpha,Soricidae,Crocidura,pullata,NA,Kashmir White-toothed Shrew,75,10.6,4,10.271509433962265,38.97545360558284,18.466666666666665,7.7,Crocidura_pullata,0.7264150943396227,2.3608540011180215,3.662932053248991,-0.3196336722583832,2.9159673050851285,NA,NA
Mammalia,Soricomorpha,Soricidae,Crocidura,rapax,NA,Chinese White-toothed Shrew,75,10.6,4,10.271509433962265,38.97545360558284,18.466666666666665,7.7,Crocidura_rapax,0.7264150943396227,2.3608540011180215,3.662932053248991,-0.3196336722583832,2.9159673050851285,NA,NA
Mammalia,Soricomorpha,Soricidae,Crocidura,russula,NA,Greater White-toothed Shrew,75,10.6,4,10.271509433962265,38.97545360558284,18.466666666666665,7.7,Crocidura_russula,0.7264150943396227,2.3608540011180215,3.662932053248991,-0.3196336722583832,2.9159673050851285,NA,NA
Mammalia,Soricomorpha,Soricidae,Crocidura,shantungensis,NA,Asian Lesser White-toothed Shrew,175,7.425,4,7.542087542087542,26.552280798856142,7.3428571428571425,4,Crocidura_shantungensis,0.5387205387205387,2.004852684688763,3.279115649793215,-0.6185583235688727,1.9937280234058061,NA,NA
Mammalia,Soricomorpha,Soricidae,Crocidura,suaveolens,NA,Lesser White-toothed Shrew,175,7.425,4,7.542087542087542,26.552280798856142,7.3428571428571425,4,Crocidura_suaveolens,0.5387205387205387,2.004852684688763,3.279115649793215,-0.6185583235688727,1.9937280234058061,NA,NA
Mammalia,Soricomorpha,Soricidae,Crocidura,vorax,NA,Voracious Shrew,75,10.6,4,10.271509433962265,38.97545360558284,18.466666666666665,7.7,Crocidura_vorax,0.7264150943396227,2.3608540011180215,3.662932053248991,-0.3196336722583832,2.9159673050851285,NA,NA
Mammalia,Soricomorpha,Soricidae,Crocidura,zimmermanni,NA,Cretan Shrew,75,10.6,4,10.271509433962265,38.97545360558284,18.466666666666665,7.7,Crocidura_zimmermanni,0.7264150943396227,2.3608540011180215,3.662932053248991,-0.3196336722583832,2.9159673050851285,NA,NA
Mammalia,Soricomorpha,Soricidae,Cryptotis,orophila,NA,Central American Least Shrew,40,6.2,3.5,7.063508064516129,23.94819515024304,30.9375,3.85,Cryptotis_orophila,0.6209677419354839,1.824549292051046,3.175892961946015,-0.476476143751353,3.431969040328909,NA,NA
Mammalia,Soricomorpha,Soricidae,Cryptotis,parva,NA,North American Least Shrew,40,6.2,3.5,7.063508064516129,23.94819515024304,30.9375,3.85,Cryptotis_parva,0.6209677419354839,1.824549292051046,3.175892961946015,-0.476476143751353,3.431969040328909,NA,NA
Mammalia,Soricomorpha,Soricidae,Cryptotis,tropicalis,NA,Tropical Small-eared Shrew,40,6.2,3.5,7.063508064516129,23.94819515024304,30.9375,3.85,Cryptotis_tropicalis,0.6209677419354839,1.824549292051046,3.175892961946015,-0.476476143751353,3.431969040328909,NA,NA
Mammalia,Soricomorpha,Soricidae,Sorex,antinorii,NA,Valais Shrew,325.96956,8.195,3.2,12.927882855399632,29.823755860275643,2.5831566603949154,8.5,Sorex_antinorii,1.0372178157413057,2.103524212195793,3.3953052524542393,0.03654195130047776,0.9490121628339269,NA,NA
Mammalia,Soricomorpha,Soricidae,Sorex,araneus,NA,Common Shrew,325.96956,8.195,3.2,12.927882855399632,29.823755860275643,2.5831566603949154,8.5,Sorex_araneus,1.0372178157413057,2.103524212195793,3.3953052524542393,0.03654195130047776,0.9490121628339269,NA,NA
Mammalia,Soricomorpha,Soricidae,Sorex,camtschatica,NA,Kamchatka Shrew,242.3009,5.1,2.5,8.475490196078432,15.562372332796134,2.7659785828282106,3.5,Sorex_camtschatica,0.6862745098039216,1.62924053973028,2.7448559706761695,-0.3764775712349121,1.0173944902003733,NA,NA
Mammalia,Soricomorpha,Soricidae,Sorex,cinereus,NA,Cinereus Shrew,242.3009,5.1,2.5,8.475490196078432,15.562372332796134,2.7659785828282106,3.5,Sorex_cinereus,0.6862745098039216,1.62924053973028,2.7448559706761695,-0.3764775712349121,1.0173944902003733,NA,NA
Mammalia,Soricomorpha,Soricidae,Sorex,excelsus,NA,Chinese Highland Shrew,325.96956,8.2,3.2,12.92,29.805570643287673,2.5831566603949154,8.5,Sorex_excelsus,1.0365853658536586,2.1041341542702074,3.394695310379825,0.03593200922606337,0.9490121628339269,NA,NA
Mammalia,Soricomorpha,Soricidae,Sorex,jacksoni,NA,St. Lawrence Island Shrew,242.3009,5.2,2.5,8.3125,15.263095941780822,2.7659785828282106,3.5,Sorex_jacksoni,0.673076923076923,1.6486586255873816,2.7254378848190677,-0.39589565709201374,1.0173944902003733,NA,NA
Mammalia,Soricomorpha,Soricidae,Sorex,minutus,NA,Eurasian Pygmy Shrew,327.65256,4.2,2,9.975232142857143,10.99591538653229,1.2279697738360416,4.73,Sorex_minutus,1.1261904761904762,1.4350845252893227,2.397523875341808,0.11884067721451898,0.2053622152819865,NA,NA
Mammalia,Soricomorpha,Soricidae,Sorex,monticolus,NA,Dusky Shrew,391.296,5.99,2.083333333,10.47627712854758,10.594549031779785,0.9433284944006584,5.495,Sorex_monticolus,0.9173622704507512,1.7900914121273581,2.3603396265651844,-0.0862528242717733,-0.058340706636729446,NA,NA
Mammalia,Soricomorpha,Soricidae,Sorex,neomexicanus,NA,New Mexico Shrew,391.296,5.99,2.083333333,10.47627712854758,10.594549031779785,0.9433284944006584,5.495,Sorex_neomexicanus,0.9173622704507512,1.7900914121273581,2.3603396265651844,-0.0862528242717733,-0.058340706636729446,NA,NA
Mammalia,Soricomorpha,Soricidae,Sorex,planiceps,NA,Kashmir Pygmy Shrew,327.65256,4.2,2,9.975232142857143,10.99591538653229,1.2279697738360416,4.73,Sorex_planiceps,1.1261904761904762,1.4350845252893227,2.397523875341808,0.11884067721451898,0.2053622152819865,NA,NA
Mammalia,Soricomorpha,Soricidae,Sorex,portenkoi,NA,Portenko's Shrew,242.3009,5.2,2.5,8.3125,15.263095941780822,2.7659785828282106,3.5,Sorex_portenkoi,0.673076923076923,1.6486586255873816,2.7254378848190677,-0.39589565709201374,1.0173944902003733,NA,NA
Mammalia,Soricomorpha,Soricidae,Sorex,samniticus,NA,Apennine Shrew,325.96956,8.2,3.2,12.92,29.805570643287673,2.5831566603949154,8.5,Sorex_samniticus,1.0365853658536586,2.1041341542702074,3.394695310379825,0.03593200922606337,0.9490121628339269,NA,NA
Mammalia,Soricomorpha,Soricidae,Sorex,sinalis,NA,Chinese Shrew,325.96956,8.2,3.2,12.92,29.805570643287673,2.5831566603949154,8.5,Sorex_sinalis,1.0365853658536586,2.1041341542702074,3.394695310379825,0.03593200922606337,0.9490121628339269,NA,NA
Mammalia,Soricomorpha,Soricidae,Sorex,thibetanus,NA,Tibetan Shrew,327.65256,4.2,2,9.975232142857143,10.99591538653229,1.2279697738360416,4.73,Sorex_thibetanus,1.1261904761904762,1.4350845252893227,2.397523875341808,0.11884067721451898,0.2053622152819865,NA,NA
Mammalia,Soricomorpha,Soricidae,Sorex,ugyunak,NA,Barren Ground Shrew,242.3009,5.1,2.5,8.475490196078432,15.562372332796134,2.7659785828282106,3.5,Sorex_ugyunak,0.6862745098039216,1.62924053973028,2.7448559706761695,-0.3764775712349121,1.0173944902003733,NA,NA
Mammalia,Soricomorpha,Soricidae,Sorex,volnuchini,NA,Caucasian Pygmy Shrew,327.65256,4.2,2,9.975232142857143,10.99591538653229,1.2279697738360416,4.73,Sorex_volnuchini,1.1261904761904762,1.4350845252893227,2.397523875341808,0.11884067721451898,0.2053622152819865,NA,NA
Mammalia,Soricomorpha,Soricidae,Suncus,etruscus,NA,Etruscan Shrew,228.27,2.33,3.241666667,11.975332618025751,31.330696363909077,4.183372030731151,2.075,Suncus_etruscus,0.8905579399141631,0.8458682675776092,3.444598331461714,-0.11590711389494757,1.4311176272408792,NA,NA
Mammalia,Soricomorpha,Soricidae,Suncus,fellowesgordoni,NA,Sri Lankan Shrew,228.27,2.33,3.241666667,11.975332618025751,31.330696363909077,4.183372030731151,2.075,Suncus_fellowesgordoni,0.8905579399141631,0.8458682675776092,3.444598331461714,-0.11590711389494757,1.4311176272408792,NA,NA
Mammalia,Soricomorpha,Soricidae,Suncus,hosei,NA,Bornean Pgymy Shrew,228.27,2.33,3.241666667,11.975332618025751,31.330696363909077,4.183372030731151,2.075,Suncus_hosei,0.8905579399141631,0.8458682675776092,3.444598331461714,-0.11590711389494757,1.4311176272408792,NA,NA
Mammalia,Soricomorpha,Soricidae,Suncus,madagascariensis,NA,Madagascan Pgymy Shrew,228.27,2.4,3.241666667,11.626052083333335,30.4168843866284,4.183372030731151,2.075,Suncus_madagascariensis,0.8645833333333335,0.8754687373538999,3.4149978616854235,-0.14550758367123814,1.4311176272408792,NA,NA
Mammalia,Soricomorpha,Soricidae,Suncus,malayanus,NA,Malayan Pgymy Shrew,228.27,2.4,3.241666667,11.626052083333335,30.4168843866284,4.183372030731151,2.075,Suncus_malayanus,0.8645833333333335,0.8754687373538999,3.4149978616854235,-0.14550758367123814,1.4311176272408792,NA,NA
Mammalia,Soricomorpha,Soricidae,Suncus,montanus,NA,Asian Highland Shrew,36,45.87,3.241666667,19.29459123610203,60.64360508675084,31.866898151527778,29.61,Suncus_montanus,0.6455199476782211,3.8258113086090804,4.105014190206028,-0.4376991664955807,3.4615677955321438,NA,NA
Mammalia,Soricomorpha,Soricidae,Suncus,murinus,NA,Asian House Shrew,36,45.87,3.241666667,19.29459123610203,60.64360508675084,31.866898151527778,29.61,Suncus_murinus,0.6455199476782211,3.8258113086090804,4.105014190206028,-0.4376991664955807,3.4615677955321438,NA,NA
Mammalia,Soricomorpha,Soricidae,Suncus,zeylanicus,NA,Jungle Shrew,36,45.87,3.241666667,19.29459123610203,60.64360508675084,31.866898151527778,29.61,Suncus_zeylanicus,0.6455199476782211,3.8258113086090804,4.105014190206028,-0.4376991664955807,3.4615677955321438,NA,NA
Mammalia,Soricomorpha,Talpidae,Talpa,caucasica,NA,Caucasian Mole,326.15938,90.015,7,2.2798329861689717,13.921601003806307,6.833593502661183,47.845,Talpa_caucasica,0.5315225240237738,4.4999763231095855,2.6334416629338544,-0.6320097038783598,1.9218506703116465,NA,NA
Mammalia,Soricomorpha,Talpidae,Talpa,stankovici,NA,Balkan Mole,326.15938,90.015,7,2.2798329861689717,13.921601003806307,6.833593502661183,47.845,Talpa_stankovici,0.5315225240237738,4.4999763231095855,2.6334416629338544,-0.6320097038783598,1.9218506703116465,NA,NA
Reptilia,Squamata,Anguidae,Anguis,cephallonica,NA,Peloponnese Slow Worm,1643.6,11.655,54,0.14594594594594595,7.223884487226954,10.99196884886834,0.27,Anguis_cephallonica,0.02316602316602317,2.4557352724877206,1.9773928258466071,-3.765068592471483,2.3971649014938397,NA,NA
Reptilia,Squamata,Anguidae,Anguis,colchica,NA,Slow Worm,1643.6,11.655,54,0.14594594594594595,7.223884487226954,10.99196884886834,0.27,Anguis_colchica,0.02316602316602317,2.4557352724877206,1.9773928258466071,-3.765068592471483,2.3971649014938397,NA,NA
Reptilia,Squamata,Anguidae,Anguis,fragilis,NA,Slow Worm,1643.6,11.655,54,0.14594594594594595,7.223884487226954,10.99196884886834,0.27,Anguis_fragilis,0.02316602316602317,2.4557352724877206,1.9773928258466071,-3.765068592471483,2.3971649014938397,NA,NA
Reptilia,Squamata,Chamaeleonidae,Bradypodion,caffer,NA,Transkei Dwarf Chameleon,547.92,11.29,3.4,1.3640389725420725,2.5901044687382453,1.2649291867425903,0.35,Bradypodion_caffer,0.03100088573959256,2.4239173781615704,0.9516982103181671,-3.4737395026602482,0.23501614175299626,NA,NA
Reptilia,Squamata,Chamaeleonidae,Bradypodion,damaranum,NA,Knysna dwarf chameleon,547.92,11.29,3.4,1.3640389725420725,2.5901044687382453,1.2649291867425903,0.35,Bradypodion_damaranum,0.03100088573959256,2.4239173781615704,0.9516982103181671,-3.4737395026602482,0.23501614175299626,NA,NA
Reptilia,Squamata,Chamaeleonidae,Bradypodion,gutturale,NA,Robertson Dwarf Chameleon,547.92,11.98,3.4,1.295575959933222,2.460103524138404,1.2649291867425903,0.415,Bradypodion_gutturale,0.034641068447412354,2.4832385926873033,0.9002034320418986,-3.3627153514387422,0.23501614175299626,NA,NA
Reptilia,Squamata,Chamaeleonidae,Bradypodion,occidentale,NA,NA,547.92,11.29,3.4,1.3640389725420725,2.5901044687382453,1.2649291867425903,0.35,Bradypodion_occidentale,0.03100088573959256,2.4239173781615704,0.9516982103181671,-3.4737395026602482,0.23501614175299626,NA,NA
Reptilia,Squamata,Chamaeleonidae,Bradypodion,pumilum,NA,Cape Dwarf Chameleon,547.92,11.29,3.4,1.3640389725420725,2.5901044687382453,1.2649291867425903,0.35,Bradypodion_pumilum,0.03100088573959256,2.4239173781615704,0.9516982103181671,-3.4737395026602482,0.23501614175299626,NA,NA
Reptilia,Squamata,Chamaeleonidae,Bradypodion,taeniabronchum,NA,Smith's Dwarf Chameleon,547.92,11.29,3.4,1.3640389725420725,2.5901044687382453,1.2649291867425903,0.35,Bradypodion_taeniabronchum,0.03100088573959256,2.4239173781615704,0.9516982103181671,-3.4737395026602482,0.23501614175299626,NA,NA
Reptilia,Squamata,Chamaeleonidae,Bradypodion,transvaalense,NA,Transvaal Dwarf Chameleon,547.92,11.29,3.4,1.3640389725420725,2.5901044687382453,1.2649291867425903,0.35,Bradypodion_transvaalense,0.03100088573959256,2.4239173781615704,0.9516982103181671,-3.4737395026602482,0.23501614175299626,NA,NA
Reptilia,Squamata,Chamaeleonidae,Bradypodion,ventrale,NA,Southern Dwarf Chameleon,547.92,11.98,3.4,1.295575959933222,2.460103524138404,1.2649291867425903,0.415,Bradypodion_ventrale,0.034641068447412354,2.4832385926873033,0.9002034320418986,-3.3627153514387422,0.23501614175299626,NA,NA
Reptilia,Squamata,Dactyloidae,Anolis,carolinensis,NA,Green anole,258.74,2.455,10,0.6989816700610999,6.494324872360016,13.106825384555925,0.22,Anolis_carolinensis,0.08961303462321792,0.8981267612464839,1.8709286989707938,-2.4122544938762593,2.5731331162442426,NA,NA
Reptilia,Squamata,Dactyloidae,Anolis,luteosignifer,NA,Cayman Brac Anole,365.25,4.05,8,0.6666666666666666,4.6662100456621,6.994524298425736,0.09,Anolis_luteosignifer,0.022222222222222223,1.3987168811184478,1.5403471888016624,-3.8066624897703196,1.9451275998615096,NA,NA
Reptilia,Squamata,Dactyloidae,Anolis,nelsoni,NA,Nelson's Anole,365.25,4.05,8,0.6666666666666666,4.6662100456621,6.994524298425736,0.09,Anolis_nelsoni,0.022222222222222223,1.3987168811184478,1.5403471888016624,-3.8066624897703196,1.9451275998615096,NA,NA
Reptilia,Squamata,Dactyloidae,Anolis,ordinatus,NA,Bahaman brown anole,365.25,4.05,8,0.6666666666666666,4.6662100456621,6.994524298425736,0.09,Anolis_ordinatus,0.022222222222222223,1.3987168811184478,1.5403471888016624,-3.8066624897703196,1.9451275998615096,NA,NA
Reptilia,Squamata,Dactyloidae,Anolis,porcatus,NA,Cuban Green Anole,258.74,2.455,10,0.6989816700610999,6.494324872360016,13.106825384555925,0.22,Anolis_porcatus,0.08961303462321792,0.8981267612464839,1.8709286989707938,-2.4122544938762593,2.5731331162442426,NA,NA
Reptilia,Squamata,Dactyloidae,Anolis,sagrei,NA,"Cuban brown anole, Brown anole",365.25,4.05,8,0.6666666666666666,4.6662100456621,6.994524298425736,0.09,Anolis_sagrei,0.022222222222222223,1.3987168811184478,1.5403471888016624,-3.8066624897703196,1.9451275998615096,NA,NA
Reptilia,Squamata,Dactyloidae,Anolis,smaragdinus,NA,Bahamian Green Anole,258.74,2.455,10,0.6989816700610999,6.494324872360016,13.106825384555925,0.22,Anolis_smaragdinus,0.08961303462321792,0.8981267612464839,1.8709286989707938,-2.4122544938762593,2.5731331162442426,NA,NA
Reptilia,Squamata,Lacertidae,Acanthodactylus,dumerilii,NA,NA,219,7.1,2.9,0.34681690140845073,0.7976788732394366,3.8333333333333335,0.38,Acanthodactylus_dumerilii,0.053521126760563385,1.9600947840472698,-0.22604917700968796,-2.9276788103089753,1.3437347467010947,NA,NA
Reptilia,Squamata,Lacertidae,Acanthodactylus,scutellatus,NA,Nidua Fringe-fingered Lizard,219,7.1,2.9,0.34681690140845073,0.7976788732394366,3.8333333333333335,0.38,Acanthodactylus_scutellatus,0.053521126760563385,1.9600947840472698,-0.22604917700968796,-2.9276788103089753,1.3437347467010947,NA,NA
Reptilia,Squamata,Lacertidae,Timon,pater,NA,NA,1278.34,65.8,13.975,0.5379939209726444,5.634248199192239,2.990233427726583,1.77,Timon_pater,0.02689969604863222,4.186619838331271,1.728863722298579,-3.6156402917455335,1.0953514538291058,NA,NA
Reptilia,Squamata,Lacertidae,Timon,tangitanus,NA,NA,1278.34,65.8,13.975,0.5379939209726444,5.634248199192239,2.990233427726583,1.77,Timon_tangitanus,0.02689969604863222,4.186619838331271,1.728863722298579,-3.6156402917455335,1.0953514538291058,NA,NA
Reptilia,Squamata,Pythonidae,Python,bivittatus,NA,Burmese Python,1095,17100,34.2,0.17883040935672515,5.579508771929825,10.400000000000002,111.2,Python_bivittatus,0.006502923976608187,9.746833742490752,1.7191007388136932,-5.035503360674269,2.341805806147327,NA,NA
Reptilia,Squamata,Pythonidae,Python,molurus,NA,Indian Rock Python,1095,17100,34.2,0.17883040935672515,5.579508771929825,10.400000000000002,111.2,Python_molurus,0.006502923976608187,9.746833742490752,1.7191007388136932,-5.035503360674269,2.341805806147327,NA,NA
Reptilia,Squamata,Teiidae,Ameiva,ameiva,NA,"Giant Ameiva, Amazon Racerunner",243.52,68,4.6,0.33074338235294115,1.3007548232876711,5.894710906701707,1.59,Ameiva_ameiva,0.023382352941176472,4.219507705176107,0.26294472926340834,-3.7557736889439663,1.7740554923630147,NA,NA
Reptilia,Squamata,Teiidae,Ameiva,atrigularis,NA,"Giant Ameiva, Amazon Racerunner",243.52,68,4.6,0.33074338235294115,1.3007548232876711,5.894710906701707,1.59,Ameiva_atrigularis,0.023382352941176472,4.219507705176107,0.26294472926340834,-3.7557736889439663,1.7740554923630147,NA,NA
Reptilia,Squamata,Teiidae,Ameiva,praesignis,NA,"Giant Ameiva, Amazon Racerunner",243.52,68,4.6,0.33074338235294115,1.3007548232876711,5.894710906701707,1.59,Ameiva_praesignis,0.023382352941176472,4.219507705176107,0.26294472926340834,-3.7557736889439663,1.7740554923630147,NA,NA
Reptilia,Squamata,Varanidae,Varanus,bengalensis,NA,"Bengal Monitor, Indian Monitor",1004.4375,3750,22,0.07541333333333333,1.451564621004566,6.994524298425736,14,Varanus_bengalensis,0.0037333333333333333,8.229511118964457,0.372642023646268,-5.590453789349198,1.9451275998615096,NA,NA
Reptilia,Squamata,Varanidae,Varanus,nebulosus,NA,Clouded Monitor,1004.4375,3750,22,0.07541333333333333,1.451564621004566,6.994524298425736,14,Varanus_nebulosus,0.0037333333333333333,8.229511118964457,0.372642023646268,-5.590453789349198,1.9451275998615096,NA,NA
Reptilia,Squamata,Viperidae,Crotalus,culminatus,NA,Northwestern Neotropical Rattlesnake,2555,1150,37,0.04563391304347826,1.3690173913043477,4.285714285714286,14,Crotalus_culminatus,0.01217391304347826,7.047517221357296,0.3140932498810979,-4.408459891742037,1.455287232606842,NA,NA
Reptilia,Squamata,Viperidae,Crotalus,durissus,NA,Cascabel Rattlesnake; unicolor: Aruba Island Rattlesnake; vegrandis: Uracoan Rattlesnake,2555,1150,37,0.04563391304347826,1.3690173913043477,4.285714285714286,14,Crotalus_durissus,0.01217391304347826,7.047517221357296,0.3140932498810979,-4.408459891742037,1.455287232606842,NA,NA
Reptilia,Squamata,Viperidae,Crotalus,totonacus,NA,NA,2555,1150,37,0.04563391304347826,1.3690173913043477,4.285714285714286,14,Crotalus_totonacus,0.01217391304347826,7.047517221357296,0.3140932498810979,-4.408459891742037,1.455287232606842,NA,NA
Reptilia,Squamata,Viperidae,Crotalus,tzabcan,NA,Yucatan Neotropical Rattlesnake,2555,1150,37,0.04563391304347826,1.3690173913043477,4.285714285714286,14,Crotalus_tzabcan,0.01217391304347826,7.047517221357296,0.3140932498810979,-4.408459891742037,1.455287232606842,NA,NA
Reptilia,Testudines,Testudinidae,Geochelone,elegans,NA,Star Tortoise,3650,4225,24.3,0.05174046466417322,0.7398886446976771,1.43,18.7,Geochelone_elegans,0.004426035502958579,8.348774539791274,-0.3012555842454677,-5.4202510159307336,0.3576744442718159,NA,NA
Reptilia,Testudines,Testudinidae,Geochelone,platynota,NA,Burmese Star Tortoise,3650,4225,24.3,0.05174046466417322,0.7398886446976771,1.43,18.7,Geochelone_platynota,0.004426035502958579,8.348774539791274,-0.3012555842454677,-5.4202510159307336,0.3576744442718159,NA,NA
